20;2;99.0;0.0;0.0
20;4;98.0;0.0;0.0
20;6;97.0;0.0;0.0
20;8;96.0;0.0;0.0
21;9;90.47619047619048;0.09523809523809523;0.0
22;10;85.4090909090909;0.18181818181818182;0.0
23;11;80.73913043478261;0.2608695652173913;0.0
23;12;79.73913043478261;0.2608695652173913;0.0
23;14;78.73913043478261;0.2608695652173913;0.0
23;16;77.73913043478261;0.2608695652173913;0.0
23;18;76.73913043478261;0.2608695652173913;0.0
23;19;75.73913043478261;0.2608695652173913;0.0
24;20;73.70833333333333;0.3333333333333333;0.0
25;22;69.8;0.4;0.0
25;23;68.8;0.4;0.0
25;25;67.8;0.4;0.0
25;26;68.8;0.4;0.0
26;26;69.03846153846153;0.46153846153846156;0.0
27;25;71.07407407407408;0.5185185185185185;0.0
29;26;66.96551724137932;0.6206896551724138;0.0
31;28;61.70967741935484;0.7096774193548387;0.0
33;26;61.57575757575758;0.7878787878787878;0.0
33;27;60.57575757575758;0.7878787878787878;0.0
34;28;59.294117647058826;0.8235294117647058;0.0
35;28;59.48571428571429;0.8571428571428571;0.0
37;29;56.67567567567568;0.918918918918919;0.0
38;30;54.217824835526315;0.9736842105263158;20.0
38;31;53.217824835526315;0.9736842105263158;20.0
38;31;54.84940378289474;0.9736842105263158;20.0
38;32;53.84940378289474;0.9736842105263158;20.0
38;33;52.84940378289474;0.9736842105263158;20.0
38;34;53.170583624588815;1.0;19.714285714285715
38;36;52.17076351768092;1.0263157894736843;19.6
38;35;53.80234246504934;1.0263157894736843;19.53846153846154
38;37;52.80234246504934;1.0263157894736843;19.5
38;39;51.80234246504934;1.0263157894736843;19.473684210526315
39;41;49.49971829927885;1.0512820512820513;19.454545454545453
40;43;47.287225341796876;1.075;19.44
40;45;46.287225341796876;1.075;19.428571428571427
40;43;49.037225341796876;1.075;19.419354838709676
39;43;51.85661012698443;1.0769230769230769;19.4
38;45;52.21796828822086;1.0789473684210527;19.825
36;46;55.4572934044732;1.0555555555555556;20.23404255319149
37;44;57.039528717865814;1.0810810810810811;20.537037037037038
38;46;54.56480427792198;1.105263157894737;20.770491803278688
36;48;56.55697059631348;1.0555555555555556;21.3
36;45;61.112526151869034;1.0555555555555556;21.70886075949367
36;46;61.50141504075792;1.0555555555555556;22.03409090909091
34;48;64.10427921659806;1.088235294117647;22.303030303030305
36;49;59.598485926787056;1.1388888888888888;22.51818181818182
38;48;58.15424124190682;1.0789473684210527;22.92622950819672
41;49;54.191735785181926;1.146341463414634;23.261194029850746
42;48;55.50255274204981;1.2142857142857142;23.489795918367346
43;48;54.39784221316493;1.2325581395348837;23.68125
44;49;53.32061852650209;1.25;23.84393063583815
44;51;52.338164725086905;1.2727272727272727;24.02139037433155
45;53;50.197316620084976;1.288888888888889;24.17412935323383
45;54;50.30842773119608;1.288888888888889;24.306976744186045
44;53;52.716893418268725;1.2954545454545454;24.434782608695652
45;54;51.67874023119609;1.3111111111111111;24.546938775510203
46;54;51.75094153051791;1.326086956521739;24.646153846153847
45;54;54.108964157104495;1.3111111111111111;24.84115523465704
46;55;53.041377979776136;1.326086956521739;25.01360544217687
48;54;51.956320563952126;1.3541666666666667;25.167202572347268
49;55;49.916395654483715;1.3673469387755102;25.304878048780488
49;57;48.93252014627262;1.3673469387755102;25.41907514450867
49;58;48.952928309537924;1.3673469387755102;25.521978021978022
48;59;50.005436761925615;1.375;25.595300261096607
50;59;49.045219291448596;1.4;25.66169154228856
51;60;48.083548324949604;1.411764705882353;25.72209026128266
51;59;50.024724795537836;1.411764705882353;25.777272727272727
50;59;51.02182085394859;1.42;25.941431670281997
51;61;49.05728196513419;1.4509803921568627;26.076604554865426
51;61;50.01806627885968;1.4509803921568627;26.2
50;63;50.01476436972618;1.44;26.304924242424242
49;63;51.05470260065429;1.489795918367347;26.38155515370705
47;62;54.328266070561206;1.5319148936170213;26.438898450946645
47;61;55.45592564502929;1.5319148936170213;26.490968801313628
50;61;53.18857010632753;1.56;26.53846153846154
51;62;52.16403931992895;1.5686274509803921;26.66216216216216
53;63;49.23332085502597;1.5849056603773586;26.775539568345323
54;63;49.191963061414384;1.5925925925925926;26.879834254143645
55;63;49.133927369388665;1.6;26.97609561752988
55;64;48.14496585482901;1.6181818181818182;27.0727969348659
56;62;48.981662893135635;1.625;27.162361623616235
57;59;51.52584424588764;1.631578947368421;27.245551601423486
57;59;52.296558721285116;1.6842105263157894;27.30742857142857
59;58;52.10006520530935;1.694915254237288;27.364939360529217
62;56;51.85328785666535;1.7096774193548387;27.4185303514377
62;56;52.479337413449805;1.6451612903225807;27.493827160493826
62;57;52.28578902635303;1.6451612903225807;27.564179104477613
61;55;54.597736763157194;1.6721311475409837;27.628488931665064
60;54;56.16741965411541;1.6833333333333333;27.7243947858473
58;53;58.823416513808326;1.7241379310344827;27.864208633093526
61;55;54.979641931162014;1.7377049180327868;27.99478260869565
63;56;52.26600250477592;1.746031746031746;28.117003367003367
66;58;48.935729663649745;1.7575757575757576;28.231647634584014
68;57;48.00118799563514;1.7647058823529411;28.33122529644269
69;57;47.051570582538474;1.7971014492753623;28.420689655172414
70;56;47.54224010993077;1.7714285714285714;28.557949479940564
70;55;48.68509725278792;1.7714285714285714;28.68709444844989
71;56;47.71770151683316;1.7746478873239437;28.808823529411764
73;56;46.135627618273205;1.8082191780821917;28.918367346938776
73;56;45.829120768958134;1.821917808219178;29.03172504957039
73;58;44.83539902385362;1.726027397260274;29.17597944765575
74;58;43.93146131324465;1.7432432432432432;29.309612983770286
75;60;42.36403338587144;1.7466666666666666;29.429004854368934
76;61;41.490402201248024;1.763157894736842;29.535693215339233
79;62;38.95279199107405;1.7721518987341771;29.63662456946039
79;62;39.227514162809214;1.7848101265822784;29.74818537130095
84;63;35.95206689121343;1.7976190476190477;29.853804347826088
86;64;34.72750270432389;1.813953488372093;29.947619047619046
89;64;33.15241834350398;1.8202247191011236;30.03659793814433
91;62;33.64899336960829;1.8131868131868132;30.13711702661979
93;62;33.03621552831191;1.8387096774193548;30.22358121330724
96;63;31.555917126385495;1.84375;30.305674773485933
92;61;33.55236291490917;1.9130434782608696;30.369202226345084
91;58;35.11845276180415;1.934065934065934;30.419936851601264
89;59;35.46240219443553;1.9438202247191012;30.45701754385965
88;61;34.861690023438356;1.9659090909090908;30.492320819112628
88;61;34.99805365980199;1.9659090909090908;30.52574750830565
89;61;34.73964856250085;1.9662921348314606;30.557443365695793
87;60;36.258777516386424;2.0;30.58999606144151
86;60;36.25567050583847;2.046511627906977;30.615414110429448
87;60;36.00033134296181;2.0689655172413794;30.635548917102316
89;60;35.33740254873795;2.067415730337079;30.654657933042213
89;59;36.031504335083525;2.0898876404494384;30.66867683575736
90;59;35.212333836036706;2.1;30.71161825726141
95;60;32.93898017507439;2.1157894736842104;30.74983142279164
94;61;32.863001629179635;2.202127659574468;30.798095863427445
98;59;32.603287276968224;2.193877551020408;30.84388995521433
97;58;33.496239343684394;2.216494845360825;30.88999688376441
96;58;33.880225692448725;2.2291666666666665;30.951426836672738
95;56;34.81890070778293;2.231578947368421;31.03756285122745
95;55;35.405709404328974;2.2421052631578946;31.116460074949554
93;54;36.22886871549235;2.247311827956989;31.212138241078954
94;55;35.390226815873994;2.265957446808511;31.3
94;56;34.3959926902091;2.276595744680851;31.381881346873328
91;57;35.07927578649518;2.2857142857142856;31.496873371547682
90;56;36.1338969849616;2.2888888888888888;31.616869918699187
91;53;37.49506295215983;2.2857142857142856;31.731036192364897
91;55;36.50191214940081;2.2967032967032965;31.84877812726833
88;57;36.72692413321974;2.375;31.952077431539188
85;59;36.99810834086547;2.3058823529411763;32.06701980654076
84;59;37.630486929500144;2.3452380952380953;32.17460674157304
84;58;37.84666869591934;2.369047619047619;32.27290661990355
83;59;37.922169167804626;2.397590361445783;32.362256892498394
85;61;36.06158943126782;2.4;32.4414339308045
83;60;37.73274393131523;2.433734939759036;32.53394308943089
83;60;37.94234829924422;2.4578313253012047;32.61967083085465
83;57;39.366917330265906;2.5060240963855422;32.69969040247678
84;58;38.51515041804968;2.4166666666666665;32.799811142587345
84;55;40.49436158479947;2.392857142857143;32.90523598820059
86;55;39.738678757246;2.383720930232558;33.00576265081938
84;54;41.469352792031536;2.4285714285714284;33.09971860710517
83;52;42.776152408595365;2.4457831325301207;33.19652980587528
84;52;42.473269455814474;2.4047619047619047;33.30971965754574
84;51;42.68366506149158;2.4285714285714284;33.41673502871206
85;53;41.203930766650494;2.411764705882353;33.521334616618546
87;54;39.85880649110161;2.3563218390804597;33.640257295262
88;51;41.26946200179578;2.3636363636363638;33.753645433614736
89;52;40.38335245264849;2.3820224719101124;33.86089830253868
87;50;42.60612458867161;2.425287356321839;33.96044699308925
87;50;42.7589145267104;2.367816091954023;34.07457529513389
88;51;41.85968821278605;2.340909090909091;34.187535250987025
90;52;40.50725069694636;2.3333333333333335;34.295938104448744
88;50;42.69682049369762;2.3636363636363638;34.40395289021254
87;52;42.18609425014561;2.3448275862068964;34.50875563810029
87;50;43.50166851182642;2.3333333333333335;34.60746326875569
88;51;42.03703107157753;2.2954545454545454;34.70268892570409
89;51;41.1433452437888;2.3146067415730336;34.79088069956277
91;50;40.90942556810114;2.3076923076923075;34.87565845889991
88;49;42.43427504288593;2.3636363636363638;34.94955560893586
90;50;41.07515726770433;2.2555555555555555;35.0283863368669
88;49;42.71198807184937;2.3181818181818183;35.097251097251096
91;49;41.43576868486532;2.3076923076923075;35.163494221617945
93;46;41.72583638835507;2.3118279569892475;35.22579210672596
95;45;41.447397727547596;2.305263157894737;35.285792230467045
98;46;39.729492311802325;2.316326530612245;35.343261195628884
97;47;39.66385154016283;2.247422680412371;35.41064478805091
96;48;39.591273385242296;2.2708333333333335;35.474021278793515
99;48;38.43419853165735;2.282828282828283;35.53409090909091
100;48;38.06210312104112;2.28;35.59070972886762
102;48;37.31578737356973;2.2745098039215685;35.64537617554859
104;49;36.1018407956497;2.2884615384615383;35.69853649143077
106;49;35.39186543398497;2.30188679245283;35.74803596781827
108;48;35.143896218602684;2.3055555555555554;35.79413680781759
110;47;34.88999892905772;2.2545454545454544;35.843950210507046
113;46;34.32146410059341;2.185840707964602;35.89737126395391
111;47;34.38759657900813;2.225225225225225;35.94501505224013
111;43;36.101473012714976;2.18018018018018;36.005486848981015
112;43;35.687357328893235;2.1875;36.0627195613058
114;43;34.51942620582666;2.2017543859649122;36.11626338420032
115;43;34.10405332990525;2.217391304347826;36.16802190507799
118;42;33.533611296094094;2.211864406779661;36.21816548231642
120;41;33.24719320375935;2.225;36.26546039404906
119;43;32.537274580380235;2.2605042016806722;36.30908083287151
121;43;31.845287150120193;2.2644628099173554;36.350171499844095
121;43;31.271033415948303;2.256198347107438;36.394227817009515
123;42;31.009870667000612;2.268292682926829;36.438851095993954
121;43;30.9359138491677;2.322314049586777;36.491813039595115
119;43;31.289071409875906;2.302521008403361;36.55302308537926
116;43;31.957224248156756;2.3448275862068964;36.6094674556213
117;42;31.977278837570942;2.3504273504273505;36.66337407617965
122;41;30.93722642619508;2.3360655737704916;36.715665686686265
120;40;31.290671496672065;2.341666666666667;36.77166494312306
122;38;31.433447373775813;2.3360655737704916;36.82599837000815
120;38;31.795023041974428;2.3666666666666667;36.8768983742557
119;40;31.0695720561941;2.277310924369748;36.939897192566235
117;39;31.873470266514325;2.264957264957265;37.004803947026744
119;40;30.788975347451704;2.2941176470588234;37.06683294960348
113;41;31.853949068348708;2.3628318584070795;37.12326782564878
117;42;29.799113202764136;2.3504273504273505;37.178021841648054
117;39;30.938265109838056;2.358974358974359;37.230115546860674
116;40;30.640523194588926;2.4051724137931036;37.28020720395133
115;41;30.340499873555704;2.4260869565217393;37.32809068787465
114;42;30.05660035966343;2.4210526315789473;37.38272615636512
116;40;29.853909702171947;2.439655172413793;37.43351002535147
115;42;29.10898807491137;2.4608695652173913;37.48117867484245
113;39;30.387030130649126;2.495575221238938;37.52557072515667
114;39;30.015102876008434;2.5;37.56822192808295
117;39;29.125826733888566;2.4871794871794872;37.609667246628966
118;41;27.889466538284644;2.457627118644068;37.65292446255294
116;42;27.79792263987584;2.5258620689655173;37.69099846714943
114;41;28.60464250696728;2.5;37.72834809796769
115;41;28.23957094273146;2.5217391304347827;37.76391101063557
114;41;28.364459016698007;2.517543859649123;37.801094335798965
113;42;28.05146747192126;2.4867256637168142;37.84086139702208
112;44;27.29898145260228;2.4464285714285716;37.88734476641041
107;44;28.483896687498518;2.5514018691588785;37.928748481166465
104;45;28.291563116220292;2.548076923076923;37.96908254242163
101;44;29.60324272623233;2.495049504950495;38.01025907715582
99;44;30.206111865156583;2.3535353535353534;38.05754255071112
95;44;31.51329410032475;2.4210526315789473;38.10298040658633
97;46;29.903758192263773;2.443298969072165;38.14550156526473
97;44;30.988687505660877;2.381443298969072;38.18842590520521
95;45;30.64211685274969;2.442105263157895;38.229899774824496
96;46;29.856139265971777;2.4583333333333335;38.269907649416275
93;46;30.34166534091038;2.5053763440860215;38.31155714101517
94;47;29.569459905429685;2.5425531914893615;38.351060220525866
93;48;29.439064941296472;2.5591397849462365;38.38864245061935
91;47;30.725853118379206;2.6153846153846154;38.42481932686351
86;48;32.06141691530699;2.488372093023256;38.467299621042336
86;49;31.650850382625844;2.441860465116279;38.51174199774811
86;45;33.56852163435977;2.4651162790697674;38.55457215431021
87;44;33.92496340567783;2.471264367816092;38.59545543584721
88;44;33.69024101468847;2.4886363636363638;38.634693482885325
90;44;33.07831867448257;2.488888888888889;38.67264950737035
90;45;32.64216502471653;2.511111111111111;38.71028319318225
91;45;32.39684627592427;2.4615384615384617;38.74722573918225
92;45;32.143170727991354;2.4782608695652173;38.78481059212946
93;46;31.349536911208062;2.3763440860215055;38.824463254259456
93;45;31.970809265583956;2.3655913978494625;38.864130629822355
94;45;31.71621935617219;2.3404255319148937;38.90821101893214
97;47;29.766233190517386;2.329896907216495;38.951238308753986
97;48;29.290986235679483;2.2989690721649483;38.996711664935965
94;50;29.21950755404634;2.234042553191489;39.044806238670176
91;46;31.913355639850725;2.2747252747252746;39.091114941363344
92;46;31.669998336433085;2.217391304347826;39.1394028455013
93;44;32.49075104249295;2.21505376344086;39.18656543984156
91;45;32.761959168661285;2.208791208791209;39.23277437035104
87;46;33.819658908925774;2.2528735632183907;39.27669042014639
82;47;35.46703056499352;2.158536585365854;39.323709369024854
83;48;34.65644144745725;2.1566265060240966;39.37051152828525
81;47;35.74082666901136;2.2098765432098766;39.414427597372274
80;47;36.444939292773235;2.225;39.459699012094916
79;46;37.80372473035187;2.2531645569620253;39.50381818734978
80;46;36.972269547974705;2.275;39.54632136196836
80;47;36.61769624162913;2.3125;39.58774721189591
81;49;35.17797159667075;2.308641975308642;39.628249617692035
82;48;35.610367755372;2.341463414634146;39.66683146720954
83;48;35.40197875572968;2.3132530120481927;39.706971928209846
83;48;35.610230922477285;2.325301204819277;39.74553368229404
85;49;34.39504725606812;2.3294117647058825;39.782705349354195
86;47;35.34195921586772;2.3488372093023258;39.81844500737689
88;49;33.561460142779815;2.340909090909091;39.85342477071801
82;50;35.59610865978523;2.182926829268293;39.89068715601329
81;51;35.65091667704699;2.2098765432098766;39.92654194522321
81;51;35.885484578281556;2.2098765432098766;39.96164310482796
82;50;36.29894922786946;2.231707317073171;39.99559192292464
84;51;35.05426573839924;2.0238095238095237;40.03513492333011
85;53;33.66886078245674;2.070588235294118;40.07280436412523
86;52;34.03368298870579;2.0813953488372094;40.10942218127847
88;52;33.419281102598845;2.0795454545454546;40.145299794817234
89;52;33.192524706851366;2.101123595505618;40.179948843974124
90;52;32.945941098997466;2.1;40.213907991757495
88;48;36.092306070712596;2.1363636363636362;40.24754811592066
87;49;36.075370965624714;2.160919540229885;40.28000876168224
89;49;35.410755887745516;2.157303370786517;40.31183573132817
89;49;35.5406910464571;2.1235955056179776;40.345226730310266
90;47;35.82357225705203;2.1222222222222222;40.37797527595906
89;46;36.36443175039742;2.044943820224719;40.41244908469498
93;45;35.45628414822979;2.043010752688172;40.446265853601986
93;47;34.470008609965106;2.010752688172043;40.47904370392486
98;47;32.78316827584894;2.0306122448979593;40.510805769143275
100;48;31.675133297633053;2.06;40.54087795204615
100;47;32.19690737889;2.06;40.57006049512244
105;48;30.204159329968487;2.0095238095238095;40.60009729992702
106;47;30.359942245926835;2.0;40.632776901507185
105;49;29.65126238620459;2.0285714285714285;40.66305692397839
103;48;30.67740045643395;2.0194174757281553;40.69255245958033
102;50;29.971588889938438;2.0098039215686274;40.722255357218934
98;51;30.705209921077255;2.0918367346938775;40.75220006331117
98;52;30.233432881059116;2.122448979591837;40.78076778321415
99;51;30.46536161017711;2.101010101010101;40.80822059707059
99;50;30.986047157658682;2.121212121212121;40.83499271241763
100;51;30.193649181506157;2.13;40.86120265267098
103;53;28.343348719908892;2.1262135922330097;40.88694232203697
105;52;28.251094458577292;2.123809523809524;40.912224264705884
104;52;28.476731612497925;2.105769230769231;40.9370816334614
100;52;29.100460079802488;2.2;40.95936794582393
99;53;28.89992704787611;2.121212121212121;40.98562228837137
98;49;30.746215642111505;2.1530612244897958;41.0105872143477
99;51;29.44574881744371;2.1515151515151514;41.03511689701975
95;51;30.725405407501388;2.231578947368421;41.05772109681454
94;53;30.056605408577955;2.1595744680851063;41.081622301955555
92;52;31.350407772876803;2.152173913043478;41.10810257174249
91;51;32.344768792470276;2.1868131868131866;41.13336533313641
92;53;31.020011194896647;2.2065217391304346;41.15760382158611
93;53;30.78193615445654;2.236559139784946;41.180678292112
92;51;32.2877645878152;2.25;41.20308733043071
90;51;33.10040438323875;2.311111111111111;41.22414285204609
90;51;33.22255841886398;2.3333333333333335;41.24453878128593
92;49;33.69598106193215;2.3260869565217392;41.26459341892935
93;49;33.432733964991954;2.2795698924731185;41.2850881007462
93;49;33.52479493487493;2.3333333333333335;41.304296827833646
92;48;33.97957937507284;2.369565217391304;41.32235660399952
91;48;34.457927271276766;2.4065934065934065;41.34048148210984
91;48;34.56319733666435;2.4285714285714284;41.35801783610971
91;47;34.66209843556545;2.4285714285714284;41.37526912228583
92;47;33.851528138175944;2.467391304347826;41.391484289640104
92;48;33.40318800711001;2.4782608695652173;41.407711508145034
94;47;33.309503155894895;2.4680851063829787;41.42367966637344
95;47;32.50353214921412;2.4842105263157896;41.43914540136076
96;47;31.702656016509554;2.3333333333333335;41.45565175565176
94;46;32.96127014660663;2.3085106382978724;41.472512964082334
92;46;33.75452869518264;2.3260869565217392;41.48951313816776
92;46;33.309239521868484;2.358695652173913;41.50610653555883
91;46;33.77440031763973;2.3956043956043955;41.521772903105536
91;44;34.44940319726444;2.3516483516483517;41.53862753560639
94;45;32.91378394628792;2.3404255319148937;41.5552207760427
94;46;32.44868453134017;2.351063829787234;41.5719814241486
96;48;30.799338844671656;2.28125;41.59232263602548
98;50;29.192006448537793;2.2244897959183674;41.61324067847269
96;50;29.836129300832813;2.2916666666666665;41.63407038305824
94;50;30.531533081621987;2.3617021276595747;41.65361295069904
94;51;30.07514562677831;2.3191489361702127;41.674285463919034
91;50;31.703944637939394;2.241758241758242;41.69922894080816
90;51;31.608882189645133;2.2666666666666666;41.7238755519756
91;51;31.379998326330522;2.2527472527472527;41.74779803286177
92;52;30.610385805406196;2.2282608695652173;41.77165566291689
93;54;29.29375176355114;2.225806451612903;41.79493777684033
89;52;31.282488623798308;2.168539325842697;41.819418857812764
89;50;31.967881882225274;2.168539325842697;41.84353571873831
91;49;31.939010343747434;2.1758241758241756;41.86750450314189
92;49;31.716436119917997;2.108695652173913;41.89330949391276
94;50;30.594809819494206;2.106382978723404;41.918736197482694
94;51;30.14734298543044;2.0531914893617023;41.9440237784622
89;53;30.81356056935491;2.134831460674157;41.968051587407544
89;55;29.81356056935491;2.134831460674157;41.99172973187897
86;55;30.4090184395418;2.2093023255813953;42.01427575227294
85;56;30.35151540905721;2.235294117647059;42.03619572600449
82;56;31.665968470866098;2.2195121951219514;42.05803096713956
82;57;31.275724568427073;2.2195121951219514;42.07955247708312
84;54;32.5313338592854;2.2023809523809526;42.10194168552108
81;56;32.72035398086402;2.246913580246914;42.12319465949184
80;53;35.24767896356335;2.2;42.144383679024166
77;54;35.602159024361455;2.2987012987012987;42.164289467757676
76;54;36.37921678520244;2.289473684210526;42.18511478831246
80;55;34.23525594594231;2.275;42.20564725038857
80;57;33.25852663910135;2.3125;42.22542871141597
82;56;32.691245501562285;2.3048780487804876;42.244933952854744
85;54;32.34274616427024;2.3058823529411763;42.26458829071495
85;54;32.519737760986;2.3058823529411763;42.283656210639954
84;54;33.106269144228285;2.3452380952380953;42.30166539597827
86;54;32.52240241994391;2.3372093023255816;42.319427848041364
83;55;33.284373952831125;2.325301204819277;42.33763776936996
84;57;31.901883701294434;2.2976190476190474;42.35565410199557
84;54;33.89260143158721;2.3452380952380953;42.372544247018325
85;53;34.27911011405378;2.223529411764706;42.39101604770566
85;54;33.29102135715286;2.223529411764706;42.40898956058406
88;55;31.758372901795383;2.215909090909091;42.42672178811557
90;54;31.74152017064437;2.2111111111111112;42.444217556606006
91;55;30.403909655809755;2.21978021978022;42.461140186706416
86;53;32.87376475198796;2.1511627906976742;42.48002849890903
85;53;32.85222981493644;2.152941176470588;42.50065798931735
85;53;33.04208525698984;2.1176470588235294;42.5212022674342
86;54;32.271252728650694;2.0930232558139537;42.54163983804607
87;53;32.642699816623534;2.1149425287356323;42.56154388247411
89;50;33.74647874845031;2.134831460674157;42.580934941835416
86;51;34.50057661755989;2.2093023255813953;42.599150338687416
87;49;35.424836803716275;2.2298850574712645;42.61687876758205
87;49;35.00242038423144;2.2528735632183907;42.63413964297032
87;51;34.002420384231435;2.2528735632183907;42.65117914379572
87;51;34.16987123715335;2.2988505747126435;42.66776857780466
86;52;34.14720120849229;2.302325581395349;42.68361499963734
85;54;33.541876721099285;2.3294117647058825;42.69897554697555
84;55;32.92992140079249;2.3095238095238093;42.71431933048229
84;56;32.52515949603058;2.3095238095238093;42.729470612755314
81;51;37.02786519094125;2.234567901234568;42.745675894120026
82;51;36.20677383330568;2.2439024390243905;42.761430493363584
83;51;35.99855530853723;2.253012048192771;42.77690419651587
81;52;36.50284894081355;2.345679012345679;42.791510500327206
80;53;36.582106914392114;2.3375;42.80655078633085
80;53;36.21438206797844;2.35;42.821201586446655
77;55;36.623944470569796;2.4415584415584415;42.83468934911242
77;54;36.9226457692711;2.4415584415584415;42.848010910251574
78;55;36.10312466966505;2.4358974358974357;42.86116932305385
78;54;36.38783726638025;2.282051282051282;42.87674007547891
76;55;36.98917639224348;2.3421052631578947;42.891677587222
77;53;37.47877099415214;2.3376623376623376;42.906180390380186
77;55;36.48680369716061;2.3636363636363638;42.92034036644745
76;52;38.59520255383503;2.3815789473684212;42.93426647767541
76;52;38.91954228126556;2.3815789473684212;42.948147049554144
74;51;41.00417062379362;2.472972972972973;42.96142116077434
77;53;38.44556657351595;2.4545454545454546;42.97453746107346
77;53;38.75113510770662;2.4155844155844157;42.98908312847127
76;52;40.23203284587052;2.460526315789474;43.00347567929617
73;53;41.55375109853811;2.5205479452054793;43.017473928574645
71;51;44.518797265598074;2.591549295774648;43.03093189258815
71;50;45.64012581415021;2.5492957746478875;43.044925835022944
70;50;46.72327866498241;2.5714285714285716;43.05872888173773
70;52;45.72327866498241;2.5714285714285716;43.07237154358641
70;52;45.44812831794711;2.6;43.08566360236289
68;52;47.24067002528797;2.661764705882353;43.09864379979322
72;51;45.06063280166085;2.625;43.11147487172399
74;52;43.545480563778135;2.608108108108108;43.124159373362765
72;52;45.14371610586804;2.6527777777777777;43.136807316885715
73;54;43.547546475456556;2.589041095890411;43.14995457208603
70;56;44.3866844244519;2.442857142857143;43.16506674096401
71;56;43.48447249183956;2.464788732394366;43.17983008445407
76;57;40.34862755825243;2.460526315789474;43.194200043407854
77;56;40.787635005260604;2.4545454545454546;43.20821608519893
77;57;39.803636600951535;2.4675324675324677;43.22218737102765
80;57;37.973500228415844;2.45;43.236002922128556
80;56;38.8596025943643;2.4625;43.249508199397596
81;56;38.626767994433884;2.45679012345679;43.26286437912476
81;57;38.24405194505116;2.45679012345679;43.2760739167992
82;58;36.79329512335413;2.4878048780487805;43.288933850390606
81;59;36.24297914216795;2.506172839506173;43.30163052157526
82;57;37.27421756523812;2.5;43.31445407113871
83;57;36.45091209113488;2.5060240963855422;43.32705689079148
85;53;38.15317551373582;2.4941176470588236;43.33932443047918
89;53;36.606965378287015;2.4719101123595504;43.35145989108439
87;54;37.03498021082968;2.471264367816092;43.36348518052253
85;56;36.89091004236974;2.458823529411765;43.3764193017306
85;56;37.072933403321905;2.3529411764705883;43.389773434917316
89;57;35.02028454621305;2.348314606741573;43.402791160052
89;58;34.032918849578614;2.3146067415730336;43.41574059283938
90;57;34.33835004049076;2.3222222222222224;43.42842118802442
91;58;33.53695153596738;2.318681318681319;43.440882955024385
93;57;33.45211704364157;2.161290322580645;43.45490956459244
93;56;34.06959933638229;2.182795698924731;43.46864411197414
94;57;33.2671165071169;2.234042553191489;43.4817355488225
96;58;32.12009116906777;2.2291666666666665;43.494576191248214
97;59;31.314729404438204;2.2268041237113403;43.50728335056119
96;59;31.683160723911126;2.2604166666666665;43.51950874429323
96;60;31.203994057244458;2.2604166666666665;43.531608007023195
95;59;32.10103413568591;2.2842105263157895;43.54349975819432
95;60;31.635099836862867;2.2842105263157895;43.55570396541572
94;62;30.977985934833736;2.223404255319149;43.56895455422272
94;59;32.64097796560615;2.1914893617021276;43.58208764260582
90;59;33.632930614698466;2.2333333333333334;43.59552214529691
89;60;33.56742327846646;2.202247191011236;43.60890733835221
87;62;33.3261116848224;2.2758620689655173;43.621828974631796
86;63;33.296355815832136;2.3255813953488373;43.63519169829718
87;64;32.506413398003616;2.32183908045977;43.64824862280428
85;62;34.61369763787372;2.3058823529411763;43.661240839176266
83;60;36.8457754395138;2.289156626506024;43.67478152309613
84;61;36.020018912774255;2.2976190476190474;43.687990554061614
82;62;36.508481008732765;2.3048780487804876;43.70056635293159
83;63;35.68468223049332;2.1927710843373496;43.713896715518345
80;62;37.89692748249696;2.2;43.726673165484556
82;63;36.61131607953166;2.2195121951219514;43.73919005699302
81;62;37.29854716130884;2.259259259259259;43.75150922172747
79;63;37.879624832325256;2.3037974683544302;43.76368874172186
81;62;37.820868663625866;2.2962962962962963;43.775746753032806
82;63;36.98158977748409;2.292682926829268;43.787685064977644
83;63;36.757981739458984;2.3132530120481927;43.79932407745707
85;64;34.933957455660256;2.3529411764705883;43.81076010179703
86;63;35.293329168095525;2.313953488372093;43.822531881080664
86;64;34.87884483981993;2.3372093023255816;43.834144397230595
87;64;34.652052644450244;2.310344827586207;43.84608052609357
85;61;37.40221559950892;2.3294117647058825;43.85811954930295
84;60;38.63225264673849;2.3452380952380953;43.86970733561383
83;59;39.90834467156684;2.289156626506024;43.882212402211394
86;60;38.14234765180291;2.2906976744186047;43.89444629156812
86;58;39.483043520299844;2.2674418604651163;43.906114218648554
87;58;39.19037895048135;2.2758620689655173;43.91751469290889
91;57;37.61058207353712;2.2637362637362637;43.928805490293065
98;58;34.515139316156066;2.2653061224489797;43.939840880143244
104;57;32.55157512260775;2.2596153846153846;43.95059981996216
107;56;32.07578132129306;2.2710280373831777;43.96109215017065
108;55;32.18996492326514;2.2685185185185186;43.971582637810556
111;55;30.7993306936987;2.27027027027027;43.98184112189026
110;56;30.534803798164887;2.327272727272727;43.99155235915091
114;55;29.375687875422265;2.3157894736842106;44.0011720735536
116;53;29.61086652182719;2.310344827586207;44.01054078826765
116;53;29.47377899447488;2.2844827586206895;44.019709248596
116;53;29.351298965222735;2.1724137931034484;44.029222215015594
114;51;30.172846478745306;2.210526315789474;44.038282089052956
114;50;30.051608980032693;2.219298245614035;44.04733921373912
114;50;29.932808640611217;2.236842105263158;44.05617252366444
112;51;29.90826276023369;2.2857142857142856;44.06457008258628
114;52;28.840148267681297;2.289473684210526;44.072728424860735
111;53;29.05879059893746;2.315315315315315;44.08048876987563
112;54;28.254694254304095;2.3125;44.088177713851934
113;52;28.787578206225614;2.327433628318584;44.095704789500594
110;50;30.377491908117644;2.3727272727272726;44.10273724691777
108;50;30.85454413247533;2.3981481481481484;44.10942285173842
107;52;30.14673433870673;2.4299065420560746;44.11576611411856
103;52;31.273229503216395;2.4757281553398056;44.12193121914484
102;51;32.048704518110554;2.5294117647058822;44.12767717825273
99;50;33.0218266447357;2.595959595959596;44.13293682598818
99;51;32.54042849829527;2.525252525252525;44.13813537872368
101;51;31.905964567635944;2.514851485148515;44.143286721330334
97;52;32.72190786279616;2.6082474226804124;44.14790057086152
93;51;34.71937765066414;2.4946236559139785;44.15290343940471
93;53;33.72373100799556;2.5376344086021505;44.15773492752135
93;52;34.350720911830564;2.5591397849462365;44.1623111550935
91;51;35.76292971291874;2.4725274725274726;44.16735196487846
91;49;36.42803439979191;2.4725274725274726;44.172238833016216
91;49;36.5364036828068;2.4615384615384617;44.17717529711375
95;49;35.10052191620864;2.4526315789473685;44.18192381636491
92;49;36.318040536028526;2.4347826086956523;44.18685195701096
91;47;37.360446655283766;2.4835164835164836;44.19147744522262
91;46;38.01969052868079;2.4725274725274726;44.19611265990985
94;47;36.382933577230226;2.4680851063829787;44.20061629125468
97;46;35.83500779649114;2.4536082474226806;44.20507987005944
99;43;36.66769088395243;2.474747474747475;44.20921898298113
97;44;36.934788105090085;2.4948453608247423;44.21334896291898
98;44;36.58851475707896;2.489795918367347;44.21744248860984
100;45;35.38202836403554;2.4;44.222473095910985
103;47;33.38734171697887;2.3883495145631066;44.22753931409346
103;47;33.37507066730273;2.349514563106796;44.23291605264878
103;45;33.842922780769236;2.349514563106796;44.23838376757019
103;45;33.34506407531322;2.349514563106796;44.24385513576037
104;46;32.5293374174936;2.3461538461538463;44.249544554258854
105;42;34.09786103018328;2.3714285714285714;44.25510799189443
104;43;33.91639415265212;2.4038461538461537;44.26072771293034
106;43;33.24699556504951;2.3867924528301887;44.26657193953796
106;44;32.24964159833137;2.3962264150943398;44.2721045955703
108;45;31.138703240262778;2.4074074074074074;44.27746689594202
108;44;31.07336771303612;2.4166666666666665;44.28276736008667
104;44;31.731558978019965;2.4134615384615383;44.287880758024514
104;44;31.693097439558432;2.4134615384615383;44.292950411677545
104;44;31.664387575264684;2.451923076923077;44.297792590399